{
  "interactionModel": {
    "languageModel": {
      "invocationName": "hey buddy",
      "intents": [
        {
          "name": "AMAZON.CancelIntent",
          "samples": []
        },
        {
          "name": "AMAZON.HelpIntent",
          "samples": []
        },
        {
          "name": "AMAZON.StopIntent",
          "samples": []
        },
        {
          "name": "RequesthelpIntent",
          "slots": [
            {
              "name": "Place",
              "type": "AMAZON.StreetName",
              "samples": [
                "i need to go to {Place}",
                "I want go to {Place}",
                "{Place}"
              ]
            },
            {
              "name": "Timestart",
              "type": "AMAZON.TIME",
              "samples": [
                "{Timestart}"
              ]
            },
            {
              "name": "Timeend",
              "type": "AMAZON.TIME",
              "samples": [
                "{Timeend}"
              ]
            },
            {
              "name": "home",
              "type": "AMAZON.StreetAddress",
              "samples": [
                "{home}"
              ]
            }
          ],
          "samples": [
            "request help for today",
            "book me someone today",
            "my wife have failed me i need help from someone else today",
            "Get me a helper today for this {Place}",
            "book me somone today",
            "I need someone for {Timestart} till {Timeend} for {Place}",
            "I need someone for assistance today"
          ]
        },
        {
          "name": "AMAZON.NavigateHomeIntent",
          "samples": []
        },
        {
          "name": "AMAZON.FallbackIntent",
          "samples": []
        },
        {
          "name": "AMAZON.ReadAction\u003cobject@Calendar\u003e",
          "samples": []
        },
        {
          "name": "AMAZON.SearchAction\u003cobject@Calendar\u003e",
          "samples": []
        },
        {
          "name": "Welcomeintent",
          "slots": [],
          "samples": []
        },
        {
          "name": "makeanpaidrequestintent",
          "slots": [
            {
              "name": "paidornot",
              "type": "paidorunpaid",
              "samples": [
                "do {paidornot} please",
                "yes please make an {paidornot} ",
                "{paidornot}",
                "{paidornot} please"
              ]
            },
            {
              "name": "Money",
              "type": "AMAZON.FOUR_DIGIT_NUMBER",
              "samples": [
                "{Money} Euros",
                "{Money}"
              ]
            }
          ],
          "samples": [
            "yeah do a paid request",
            "i want to pay for it",
            "do a paid request",
            "make an paid request",
            "i want to make an paid request"
          ]
        },
        {
          "name": "foundsomoneintent",
          "slots": [],
          "samples": [
            "is anyone availible",
            "have you found someone ",
            "is there already someone yet",
            "have you still not find anyone yet",
            "have you found someone yet"
          ]
        },
        {
          "name": "makeanvolunteerrequestintent",
          "slots": [],
          "samples": [
            "volunteer request please",
            "i still want to make an volunteer request",
            "i want to search vor an volunteer",
            "make an unpaid request",
            "make an volunteer request"
          ]
        }
      ],
      "types": [
        {
          "values": [
            {
              "id": "0",
              "name": {
                "value": "Karlsplatz",
                "synonyms": [
                  "Karlsplatz",
                  "Stachus"
                ]
              }
            }
          ],
          "name": "AMAZON.StreetName"
        },
        {
          "values": [
            {
              "name": {
                "value": "no",
                "synonyms": [
                  "a volunteer please",
                  "without payment",
                  "without money"
                ]
              }
            },
            {
              "id": "1",
              "name": {
                "value": "yes",
                "synonyms": [
                  "with money",
                  "paid",
                  "please"
                ]
              }
            }
          ],
          "name": "paidorunpaid"
        }
      ]
    },
    "dialog": {
      "intents": [
        {
          "name": "RequesthelpIntent",
          "confirmationRequired": true,
          "prompts": {
            "confirmation": "Confirm.Intent.45619642928"
          },
          "slots": [
            {
              "name": "Place",
              "type": "AMAZON.StreetName",
              "elicitationRequired": true,
              "confirmationRequired": true,
              "prompts": {
                "confirmation": "Confirm.Slot.1113262591994.541078435461",
                "elicitation": "Elicit.Slot.1113262591994.541078435461"
              }
            },
            {
              "name": "Timestart",
              "type": "AMAZON.TIME",
              "elicitationRequired": true,
              "confirmationRequired": false,
              "prompts": {
                "elicitation": "Elicit.Slot.1113262591994.15728679912"
              }
            },
            {
              "name": "Timeend",
              "type": "AMAZON.TIME",
              "elicitationRequired": true,
              "confirmationRequired": false,
              "prompts": {
                "elicitation": "Elicit.Slot.1113262591994.107929806506"
              }
            },
            {
              "name": "home",
              "type": "AMAZON.StreetAddress",
              "elicitationRequired": true,
              "confirmationRequired": true,
              "prompts": {
                "confirmation": "Confirm.Slot.494407541961.782232247156",
                "elicitation": "Elicit.Slot.494407541961.782232247156"
              }
            }
          ]
        },
        {
          "name": "makeanpaidrequestintent",
          "confirmationRequired": true,
          "prompts": {
            "confirmation": "Confirm.Intent.235359160291"
          },
          "slots": [
            {
              "name": "paidornot",
              "type": "paidorunpaid",
              "elicitationRequired": true,
              "confirmationRequired": false,
              "prompts": {
                "elicitation": "Elicit.Slot.335783608887.406233209006"
              }
            },
            {
              "name": "Money",
              "type": "AMAZON.FOUR_DIGIT_NUMBER",
              "elicitationRequired": true,
              "confirmationRequired": true,
              "prompts": {
                "confirmation": "Confirm.Slot.1501778080168.35341628034",
                "elicitation": "Elicit.Slot.1501778080168.35341628034"
              }
            }
          ],
          "delegationStrategy": "ALWAYS"
        },
        {
          "name": "foundsomoneintent",
          "confirmationRequired": true,
          "prompts": {
            "confirmation": "Confirm.Intent.505215829095"
          },
          "slots": []
        },
        {
          "name": "makeanvolunteerrequestintent",
          "confirmationRequired": true,
          "prompts": {
            "confirmation": "Confirm.Intent.972292042039"
          },
          "slots": []
        }
      ],
      "delegationStrategy": "ALWAYS"
    },
    "prompts": [
      {
        "id": "Confirm.Intent.45619642928",
        "variations": [
          {
            "type": "PlainText",
            "value": "So you need from help from {Timestart}  till  {Timeend} at {Place} . Also your buddy should pick you up at {home} right ?"
          }
        ]
      },
      {
        "id": "Elicit.Slot.1113262591994.541078435461",
        "variations": [
          {
            "type": "PlainText",
            "value": "Where do you want to go?"
          }
        ]
      },
      {
        "id": "Confirm.Slot.1113262591994.541078435461",
        "variations": [
          {
            "type": "PlainText",
            "value": "So you want to go to {Place} right ?"
          }
        ]
      },
      {
        "id": "Elicit.Slot.1113262591994.15728679912",
        "variations": [
          {
            "type": "PlainText",
            "value": "From when do you need your help?"
          }
        ]
      },
      {
        "id": "Elicit.Slot.1113262591994.107929806506",
        "variations": [
          {
            "type": "PlainText",
            "value": "so from {Timestart} till when ?"
          },
          {
            "type": "PlainText",
            "value": "so till when do you need your help"
          }
        ]
      },
      {
        "id": "Elicit.Slot.494407541961.782232247156",
        "variations": [
          {
            "type": "PlainText",
            "value": "where should your assistance wait for you."
          },
          {
            "type": "PlainText",
            "value": "where do you want you buddy to pick you up."
          }
        ]
      },
      {
        "id": "Confirm.Slot.494407541961.782232247156",
        "variations": [
          {
            "type": "PlainText",
            "value": "So your assistance will pick you up {home} . Is this alright with you?"
          }
        ]
      },
      {
        "id": "Elicit.Slot.335783608887.406233209006",
        "variations": [
          {
            "type": "PlainText",
            "value": "Are you sure you want to make an paid request?"
          },
          {
            "type": "PlainText",
            "value": "you want to make an paid request?"
          },
          {
            "type": "PlainText",
            "value": "You want make an paid or unpaid request "
          }
        ]
      },
      {
        "id": "Confirm.Slot.335783608887.406233209006",
        "variations": [
          {
            "type": "PlainText",
            "value": "so {paidornot} ?"
          }
        ]
      },
      {
        "id": "Confirm.Intent.235359160291",
        "variations": [
          {
            "type": "PlainText",
            "value": "so it is {paidornot} and it is {Money} per hour."
          }
        ]
      },
      {
        "id": "Confirm.Intent.505215829095",
        "variations": [
          {
            "type": "PlainText",
            "value": "Ok i have found someone for you. He is called Johannes and will pick you up at your designated Location. "
          }
        ]
      },
      {
        "id": "Elicit.Slot.1501778080168.35341628034",
        "variations": [
          {
            "type": "PlainText",
            "value": "So how much do you want to pay for an hour"
          }
        ]
      },
      {
        "id": "Confirm.Slot.1501778080168.35341628034",
        "variations": [
          {
            "type": "PlainText",
            "value": "So you will pay {Money}"
          }
        ]
      },
      {
        "id": "Confirm.Intent.972292042039",
        "variations": [
          {
            "type": "PlainText",
            "value": "So i will make an Volunteer request. It may take a liitle bit longer to find the right buddy for you. You still want to continue ?"
          }
        ]
      }
    ]
  },
  "version": "24"
}